millis,stamp,datetime,motion
999,1628494140, 2145/165/19 7:29:0, Active
1999,1628494140, 2145/165/19 7:29:0, Inactive
2999,1628494140, 2145/165/19 7:29:0, Inactive
3999,1628494140, 2145/165/19 7:29:0, Inactive
5000,1628494140, 2145/165/19 7:29:0, Inactive
5999,1628494140, 2145/165/19 7:29:0, Active
6999,1628494140, 2145/165/19 7:29:0, Inactive
7999,1628494140, 2145/165/19 7:29:0, Inactive
8999,1628494140, 2145/165/19 7:29:0, Inactive
9999,1628494140, 2145/165/19 7:29:0, Inactive
10999,1628494140, 2145/165/19 7:29:0, Inactive
11999,1628494140, 2145/165/19 7:29:0, Active
12999,1628494140, 2145/165/19 7:29:0, Inactive
14000,1628494140, 2145/165/19 7:29:0, Inactive
14999,1628494140, 2145/165/19 7:29:0, Inactive
16000,1628494140, 2145/165/19 7:29:0, Inactive
16999,1628494140, 2145/165/19 7:29:0, Active
17999,1628494140, 2145/165/19 7:29:0, Active
18999,1628494140, 2145/165/19 7:29:0, Inactive
19999,1628494140, 2145/165/19 7:29:0, Inactive
20999,1628494140, 2145/165/19 7:29:0, Inactive
21999,1628494140, 2145/165/19 7:29:0, Inactive
23000,1628494140, 2145/165/19 7:29:0, Inactive
23999,1628494140, 2145/165/19 7:29:0, Inactive
24999,1628494140, 2145/165/19 7:29:0, Active
25999,1628494140, 2145/165/19 7:29:0, Active
26999,1628494140, 2145/165/19 7:29:0, Inactive
27999,1628494140, 2145/165/19 7:29:0, Inactive
28999,1628494140, 2145/165/19 7:29:0, Inactive
29999,1628494140, 2145/165/19 7:29:0, Active
30999,1628494140, 2145/165/19 7:29:0, Active
32000,1628494140, 2145/165/19 7:29:0, Inactive
32999,1628494140, 2145/165/19 7:29:0, Inactive
33999,1628494140, 2145/165/19 7:29:0, Inactive
34999,1628494140, 2145/165/19 7:29:0, Active
35999,1628494140, 2145/165/19 7:29:0, Inactive
36999,1628494140, 2145/165/19 7:29:0, Inactive
37999,1628494140, 2145/165/19 7:29:0, Inactive
38999,1628494140, 2145/165/19 7:29:0, Inactive
39999,1628494140, 2145/165/19 7:29:0, Inactive
40999,1628494140, 2145/165/19 7:29:0, Inactive
41999,1628494140, 2145/165/19 7:29:0, Active
42999,1628494140, 2145/165/19 7:29:0, Inactive
43999,1628494140, 2145/165/19 7:29:0, Inactive
44998,1628494140, 2145/165/19 7:29:0, Inactive
45999,1628494140, 2145/165/19 7:29:0, Inactive
46999,1628494140, 2145/165/19 7:29:0, Active
48000,1628494140, 2145/165/19 7:29:0, Inactive
48999,1628494140, 2145/165/19 7:29:0, Inactive
49999,1628494140, 2145/165/19 7:29:0, Inactive
50999,1628494140, 2145/165/19 7:29:0, Inactive
51998,1628494140, 2145/165/19 7:29:0, Inactive
52999,1628494140, 2145/165/19 7:29:0, Inactive
53999,1628494140, 2145/165/19 7:29:0, Inactive
55000,1628494140, 2145/165/19 7:29:0, Active
55999,1628494140, 2145/165/19 7:29:0, Active
56999,1628494140, 2145/165/19 7:29:0, Inactive
57999,1628494140, 2145/165/19 7:29:0, Inactive
58999,1628494140, 2145/165/19 7:29:0, Inactive
59999,1628494140, 2145/165/19 7:29:0, Inactive
60999,1628494140, 2145/165/19 7:29:0, Inactive
62000,1628494140, 2145/165/19 7:29:0, Inactive
62999,1628494140, 2145/165/19 7:29:0, Inactive
63998,1628494140, 2145/165/19 7:29:0, Inactive
64998,1628494140, 2145/165/19 7:29:0, Inactive
65999,1628494140, 2145/165/19 7:29:0, Inactive
66999,1628494140, 2145/165/19 7:29:0, Inactive
67999,1628494140, 2145/165/19 7:29:0, Inactive
68999,1628494140, 2145/165/19 7:29:0, Inactive
69999,1628494140, 2145/165/19 7:29:0, Inactive
70999,1628494140, 2145/165/19 7:29:0, Inactive
71999,1628494140, 2145/165/19 7:29:0, Inactive
72999,1628494140, 2145/165/19 7:29:0, Inactive
73999,1628494140, 2145/165/19 7:29:0, Inactive
74999,1628494140, 2145/165/19 7:29:0, Inactive
75999,1628494140, 2145/165/19 7:29:0, Inactive
76999,1628494140, 2145/165/19 7:29:0, Inactive
77999,1628494140, 2145/165/19 7:29:0, Inactive
78999,1628494140, 2145/165/19 7:29:0, Inactive
80000,1628494140, 2145/165/19 7:29:0, Inactive
80999,1628494140, 2145/165/19 7:29:0, Inactive
81999,1628494140, 2145/165/19 7:29:0, Inactive
82999,1628494140, 2145/165/19 7:29:0, Inactive
83999,1628494140, 2145/165/19 7:29:0, Inactive
84999,1628494140, 2145/165/19 7:29:0, Inactive
85998,1628494140, 2145/165/19 7:29:0, Inactive
87000,1628494140, 2145/165/19 7:29:0, Active
87999,1628494140, 2145/165/19 7:29:0, Inactive
88999,1628494140, 2145/165/19 7:29:0, Inactive
89999,1628494140, 2145/165/19 7:29:0, Inactive
90999,1628494140, 2145/165/19 7:29:0, Inactive
91999,1628494140, 2145/165/19 7:29:0, Inactive
92999,1628494140, 2145/165/19 7:29:0, Inactive
94000,1628494140, 2145/165/19 7:29:0, Active
94999,1628494140, 2145/165/19 7:29:0, Inactive
95998,1628494140, 2145/165/19 7:29:0, Inactive
96999,1628494140, 2145/165/19 7:29:0, Inactive
97998,1628494140, 2145/165/19 7:29:0, Inactive
98999,1628494140, 2145/165/19 7:29:0, Active
99999,1628494140, 2145/165/19 7:29:0, Inactive
101000,1628494140, 2145/165/19 7:29:0, Inactive
101999,1628494140, 2145/165/19 7:29:0, Inactive
103000,1628494140, 2145/165/19 7:29:0, Inactive
103999,1628494140, 2145/165/19 7:29:0, Active
104999,1628494140, 2145/165/19 7:29:0, Inactive
106000,1628494140, 2145/165/19 7:29:0, Inactive
106999,1628494140, 2145/165/19 7:29:0, Inactive
107999,1628494140, 2145/165/19 7:29:0, Inactive
108999,1628494140, 2145/165/19 7:29:0, Active
109999,1628494140, 2145/165/19 7:29:0, Inactive
110999,1628494140, 2145/165/19 7:29:0, Inactive
112000,1628494140, 2145/165/19 7:29:0, Inactive
112999,1628494140, 2145/165/19 7:29:0, Inactive
113999,1628494140, 2145/165/19 7:29:0, Inactive
114999,1628494140, 2145/165/19 7:29:0, Active
115999,1628494140, 2145/165/19 7:29:0, Inactive
116999,1628494140, 2145/165/19 7:29:0, Inactive
117998,1628494140, 2145/165/19 7:29:0, Inactive
119000,1628494140, 2145/165/19 7:29:0, Inactive
119999,1628494140, 2145/165/19 7:29:0, Active
120998,1628494140, 2145/165/19 7:29:0, Inactive
121999,1628494140, 2145/165/19 7:29:0, Inactive
122999,1628494140, 2145/165/19 7:29:0, Inactive
123999,1628494140, 2145/165/19 7:29:0, Inactive
124999,1628494140, 2145/165/19 7:29:0, Active
126000,1628494140, 2145/165/19 7:29:0, Active
126999,1628494140, 2145/165/19 7:29:0, Inactive
128000,1628494140, 2145/165/19 7:29:0, Inactive
128999,1628494140, 2145/165/19 7:29:0, Inactive
129999,1628494140, 2145/165/19 7:29:0, Inactive
130999,1628494140, 2145/165/19 7:29:0, Active
131999,1628494140, 2145/165/19 7:29:0, Inactive
132999,1628494140, 2145/165/19 7:29:0, Inactive
133999,1628494140, 2145/165/19 7:29:0, Inactive
134999,1628494140, 2145/165/19 7:29:0, Inactive
135999,1628494140, 2145/165/19 7:29:0, Active
136999,1628494140, 2145/165/19 7:29:0, Inactive
137999,1628494140, 2145/165/19 7:29:0, Inactive
138999,1628494140, 2145/165/19 7:29:0, Inactive
139999,1628494140, 2145/165/19 7:29:0, Inactive
140999,1628494140, 2145/165/19 7:29:0, Active
141999,1628494140, 2145/165/19 7:29:0, Inactive
142999,1628494140, 2145/165/19 7:29:0, Inactive
144000,1628494140, 2145/165/19 7:29:0, Inactive
144999,1628494140, 2145/165/19 7:29:0, Inactive
145999,1628494140, 2145/165/19 7:29:0, Active
146999,1628494140, 2145/165/19 7:29:0, Inactive
147999,1628494140, 2145/165/19 7:29:0, Inactive
149000,1628494140, 2145/165/19 7:29:0, Inactive
149999,1628494140, 2145/165/19 7:29:0, Inactive
150999,1628494140, 2145/165/19 7:29:0, Active
151999,1628494140, 2145/165/19 7:29:0, Inactive
152998,1628494140, 2145/165/19 7:29:0, Inactive
153999,1628494140, 2145/165/19 7:29:0, Inactive
154999,1628494140, 2145/165/19 7:29:0, Inactive
155999,1628494140, 2145/165/19 7:29:0, Inactive
156999,1628494140, 2145/165/19 7:29:0, Active
157999,1628494140, 2145/165/19 7:29:0, Inactive
158999,1628494140, 2145/165/19 7:29:0, Inactive
160000,1628494140, 2145/165/19 7:29:0, Inactive
160999,1628494140, 2145/165/19 7:29:0, Inactive
161999,1628494140, 2145/165/19 7:29:0, Inactive
162999,1628494140, 2145/165/19 7:29:0, Inactive
163999,1628494140, 2145/165/19 7:29:0, Inactive
164999,1628494140, 2145/165/19 7:29:0, Active
165999,1628494140, 2145/165/19 7:29:0, Inactive
166999,1628494140, 2145/165/19 7:29:0, Inactive
167999,1628494140, 2145/165/19 7:29:0, Inactive
168999,1628494140, 2145/165/19 7:29:0, Inactive
169999,1628494140, 2145/165/19 7:29:0, Inactive
170999,1628494140, 2145/165/19 7:29:0, Active
171999,1628494140, 2145/165/19 7:29:0, Active
172999,1628494140, 2145/165/19 7:29:0, Inactive
174000,1628494140, 2145/165/19 7:29:0, Inactive
174999,1628494140, 2145/165/19 7:29:0, Inactive
176000,1628494140, 2145/165/19 7:29:0, Inactive
176999,1628494140, 2145/165/19 7:29:0, Inactive
177999,1628494140, 2145/165/19 7:29:0, Inactive
178999,1628494140, 2145/165/19 7:29:0, Active
179999,1628494140, 2145/165/19 7:29:0, Active
